id,first_name,last_name,age,dob,grade
1,Erika,Kembry,13,4/24/2010,C
2,Cherie,Leidl,6,12/14/2012,F
3,Conant,Faas,16,2/12/2018,B
4,Hildagard,Wiggam,8,12/2/2006,E
5,Owen,Krabbe,13,12/11/2013,C
6,Jerrilee,O'Spillane,8,7/10/2008,E
7,Yvette,Farnworth,8,4/8/2018,D
8,Uriel,Topliss,13,4/29/2015,C
9,Anastasia,Scannell,13,6/14/2016,F
10,Morley,Haye,16,6/29/2009,E
11,Mattie,Atling,11,3/31/2016,D
12,Rosamond,Stancliffe,9,3/22/2015,C
13,Willabella,Sheber,7,4/3/2011,C
14,Benny,Templeman,16,2/2/2010,F
15,Addison,Lockie,7,3/9/2006,E
16,Winnah,Sweetsur,9,1/20/2015,F
17,Maurizia,Beat,13,7/19/2010,C
18,Thedrick,Diehn,12,12/14/2016,E
19,Art,Vakhrushev,8,5/19/2014,B
20,Kaja,Yabsley,10,10/21/2010,B
21,Shanta,Sale,16,8/6/2006,F
22,Irvin,Brandin,18,4/16/2011,B
23,Natala,Kenvin,15,9/24/2006,A
24,Engracia,Stansby,14,2/7/2016,E
25,Tyrus,Pococke,17,1/12/2016,D
26,Sander,Minithorpe,9,9/22/2007,B
27,Guglielma,Demead,17,9/16/2007,F
28,Ganny,Grishechkin,9,5/19/2016,C
29,Yolane,Povlsen,17,2/7/2016,A
30,Nelli,Lindman,18,5/8/2014,D
31,Caria,Trimmell,10,5/3/2009,E
32,Waldemar,Woolforde,6,12/19/2017,D
33,Leeland,Grigolli,16,12/28/2009,B
34,Chandler,Edmondson,13,12/22/2010,D
35,Nomi,Higgonet,6,6/20/2014,C
36,Lelah,Corps,18,9/24/2016,F
37,Laurene,Scryne,13,1/12/2018,A
38,Camel,Cordobes,6,9/8/2008,F
39,Jeni,Adamowicz,8,3/3/2009,A
40,Silva,Brandt,18,3/11/2008,F
41,Melisande,Dwelly,15,2/10/2006,D
42,Ilysa,Nolot,8,9/20/2017,E
43,Janean,Giacubo,9,12/24/2017,C
44,Valerie,Sodo,8,9/22/2009,E
45,Immanuel,Vida,8,4/27/2017,A
46,Xymenes,Toseland,6,11/10/2011,C
47,Kristo,Evershed,9,9/25/2017,E
48,Bailey,Tilio,15,1/5/2015,E
49,Packston,Barenski,12,4/19/2016,D
50,Deane,Kopje,13,9/2/2013,C
51,Obie,Minster,10,8/17/2006,B
52,Shurlock,Sharp,8,6/4/2014,D
53,Franchot,Scirman,14,6/7/2009,B
54,Rolf,Plinck,8,1/13/2008,E
55,Aron,McCrow,10,2/8/2017,B
56,Kellie,Dunmore,10,3/5/2010,E
57,Dyanna,Messam,6,2/14/2018,E
58,Cameron,Olivi,15,5/4/2013,B
59,Fawne,Redwing,16,3/4/2013,B
60,Wyn,Gebhardt,9,7/22/2017,D
61,Reyna,Daffey,9,1/13/2015,A
62,Cortie,Spickett,6,12/11/2008,F
63,Liam,Bellany,12,3/8/2016,D
64,Rhea,Dudden,18,12/13/2015,F
65,Norrie,Mulvany,12,2/15/2011,B
66,Sully,Cuskery,6,3/4/2012,A
67,Gerrie,Kinvig,18,2/16/2006,E
68,Bailey,Bilton,17,3/27/2013,B
69,Olympe,Hubble,18,9/5/2010,C
70,Maegan,Bartalot,9,2/7/2014,A
71,Kerr,Wantling,11,4/29/2014,E
72,Thaddeus,Toolin,18,6/29/2018,F
73,Neel,Sommerling,16,6/11/2014,A
74,Barnaby,Olennikov,17,5/7/2008,D
75,Wright,Gallety,8,8/24/2011,D
76,Kimberli,Deverille,17,4/2/2017,B
77,Sisile,Lamminam,18,8/18/2013,B
78,Timi,Pavolini,13,10/7/2016,B
79,Anneliese,Hawkslee,10,7/30/2013,A
80,Jemmie,Scripture,11,7/6/2011,A
81,Mort,Nanni,17,5/21/2016,E
82,Claribel,Gisbourn,15,6/3/2017,C
83,Leeland,Satterthwaite,13,5/15/2010,E
84,Duffie,Gaenor,18,2/14/2007,A
85,Lorens,Rosle,12,4/25/2011,C
86,Sile,Camilio,12,6/15/2010,D
87,Jeramie,Deverall,9,6/14/2016,F
88,Judye,Paddingdon,17,7/17/2016,E
89,Lotti,Mitchely,7,7/8/2015,B
90,Tito,Coley,6,2/16/2018,F
91,Tito,Struss,6,6/25/2017,C
92,Shaw,Castree,15,11/16/2015,F
93,Aurora,Shill,12,7/10/2006,F
94,Karena,Eskrick,12,4/7/2013,A
95,Randee,Salterne,16,10/29/2012,E
96,Lisha,Youde,8,3/17/2016,E
97,Barry,Oakden,9,4/11/2017,E
98,Gerhardt,Switland,6,7/25/2014,E
99,Lanette,Bradshaw,12,5/8/2014,B
100,Theadora,Pettisall,6,9/4/2006,F
101,Glen,Wasbey,9,7/3/2009,E
102,Krishnah,Penke,6,5/24/2015,E
103,Iver,Kolczynski,9,4/23/2014,B
104,Katie,Mathevet,6,5/20/2017,F
105,Janelle,Bolding,6,7/3/2006,B
106,Cami,Pidgin,17,6/26/2017,B
107,Ellerey,Ankers,14,6/17/2011,E
108,Wilmar,Raoul,16,4/25/2016,B
109,Eddie,Duxfield,12,3/4/2013,B
110,Karlotte,Oattes,8,6/16/2013,F
111,Matty,Beining,7,6/9/2007,D
112,Clovis,Scholar,14,10/7/2012,A
113,Tyson,Lundon,16,9/13/2013,B
114,Bernice,Dignan,17,10/31/2013,A
115,Norton,Rieme,12,4/9/2018,D
116,Gabriel,McKeowon,18,11/3/2008,F
117,Raddie,Flewett,11,6/12/2006,E
118,Alano,Velez,9,2/26/2013,B
119,Gayleen,Stainsby,12,2/4/2006,B
120,Lynette,Darinton,7,7/1/2007,C
121,Selene,Thomasset,9,6/15/2009,F
122,Timofei,Hanington,7,10/29/2006,E
123,Daffie,Merkle,13,6/22/2016,B
124,Myra,Kezar,15,5/12/2009,D
125,Ellerey,Tockell,14,4/11/2006,F
126,Andrej,Hinrichs,12,12/23/2012,F
127,Claus,Castard,17,5/7/2009,E
128,Tedra,Semens,14,11/10/2010,E
129,Lonna,Coll,15,8/17/2008,F
130,Caro,Dallas,14,3/9/2013,E
131,Aloisia,Fidler,16,5/19/2010,E
132,Colas,Krzysztofiak,9,10/12/2011,F
133,Aloisia,Jentle,9,5/18/2018,D
134,Consalve,Bloxham,13,6/8/2018,F
135,Arlen,Tomkys,6,8/27/2016,F
136,Rasla,Sand,12,6/6/2017,A
137,Andria,Ricci,7,7/22/2016,C
138,Othilie,Gouth,18,4/24/2007,A
139,Lorelei,Le Friec,10,12/16/2013,F
140,Quintana,Axston,17,6/22/2009,D
141,Merl,Lammiman,17,9/24/2010,D
142,Leland,Mushrow,10,2/8/2015,E
143,Freddi,Dudek,12,8/23/2009,D
144,Freda,Vail,16,7/11/2007,A
145,Kirsten,Scibsey,17,12/9/2011,F
146,Marcie,Pancoust,10,1/19/2017,F
147,Ursala,Dyball,15,9/25/2011,D
148,Gayla,Towle,11,9/28/2016,E
149,Theresita,Shinn,11,8/5/2007,D
150,Donelle,Tabourin,8,9/18/2008,B
151,Werner,Lowndsborough,11,12/16/2017,A
152,Livvy,Hardwell,13,5/19/2016,A
153,Veronique,Storrie,7,8/11/2006,C
154,Meier,Blackesland,15,3/3/2012,D
155,Rayshell,Illiston,10,3/13/2009,D
156,Honey,Schwander,15,12/16/2007,A
157,Lula,Knappett,6,8/7/2015,E
158,Pippo,Whittier,16,11/20/2010,B
159,Archambault,Vergine,15,3/9/2007,F
160,Molli,Giovannini,14,10/23/2017,A
161,Teresa,Yurukhin,6,3/22/2006,B
162,Sebastiano,Loton,16,11/22/2016,C
163,Yorgos,Sarl,17,9/29/2011,B
164,Waverley,Simmonds,8,1/12/2016,B
165,Ashli,Pountain,10,4/13/2006,F
166,Roscoe,Bashford,17,2/27/2015,F
167,Keven,Jeacock,10,2/13/2011,A
168,Mathe,Mylchreest,11,5/28/2010,B
169,Isahella,Megahey,9,11/18/2010,A
170,Hurleigh,Paudin,13,2/17/2016,B
171,Brody,Giacometti,17,2/4/2012,F
172,August,Voss,14,10/23/2008,F
173,Meridel,Aikett,13,9/22/2007,B
174,Mackenzie,Schimpke,12,9/19/2015,C
175,Kristoffer,Fradgley,13,7/7/2016,C
176,Mead,Redwing,6,6/29/2007,D
177,Malinde,Astill,10,4/16/2017,B
178,Hall,Eidler,16,11/10/2011,F
179,Sarita,Lokier,9,7/19/2007,B
180,Laney,Roskelley,11,12/16/2006,D
181,Brit,Howis,7,6/7/2016,E
182,Karlan,Boscott,6,6/24/2010,E
183,Beulah,Mosconi,14,8/11/2006,B
184,Ailene,Heinig,17,11/26/2006,D
185,Kristel,Axby,11,2/1/2018,A
186,Andras,Jindrak,10,7/28/2006,A
187,Rebecka,Sywell,16,8/3/2016,B
188,Corabel,Chorlton,12,11/4/2006,E
189,Blondie,Gravatt,16,6/30/2011,D
190,Camellia,Latty,17,5/18/2013,E
191,Grantham,Twinborne,14,7/12/2008,B
192,Annora,Doret,6,9/21/2018,C
193,Osborne,Speerman,11,8/1/2013,B
194,Calhoun,McIlhone,12,8/7/2015,C
195,Roseanne,Quarmby,15,5/29/2017,C
196,Sonny,Collis,9,1/1/2009,D
197,Mahmud,Kelly,15,11/25/2015,F
198,Dolorita,Pyson,9,4/29/2018,A
199,Dannye,Sambidge,8,4/6/2008,A
200,Livia,Oliva,11,11/23/2010,F
201,Orv,Kubalek,7,7/2/2008,A
202,Rosemary,Brockett,15,1/22/2010,F
203,Margaux,Portail,15,2/20/2017,C
204,Maura,Beattie,6,5/16/2011,A
205,Keefe,Lefort,17,4/10/2013,D
206,Nancee,Fibbings,7,12/26/2011,A
207,Joyan,Shewring,12,2/6/2007,B
208,Kirstyn,Doogan,18,11/13/2017,E
209,Kissie,Wogan,13,6/18/2017,A
210,Christal,Ert,6,2/25/2016,B
211,Geoff,Conyard,8,9/19/2016,E
212,Devlen,Pool,12,10/20/2007,A
213,Fidela,Poleye,8,3/23/2007,E
214,Anastasia,Nozzolii,13,2/6/2015,B
215,Iain,Twiddy,6,7/5/2016,F
216,Parker,Heinle,9,5/12/2016,A
217,Cad,Borrow,17,7/2/2016,B
218,Jocelyne,Balf,10,5/1/2006,A
219,Marta,Burlay,9,2/27/2009,C
220,Averell,Ferrettino,15,10/6/2007,C
221,Jacinda,Oddboy,7,1/7/2013,E
222,Meggy,Oventon,12,8/11/2015,C
223,Ondrea,Lintott,15,2/16/2018,C
224,Abeu,Gaspar,10,1/9/2007,B
225,Graham,Bryson,11,4/27/2009,C
226,Fidel,Aland,10,12/30/2011,E
227,Obed,Huzzey,18,7/27/2014,E
228,Felisha,Worms,8,5/19/2007,D
229,Sully,Antonias,11,3/20/2010,B
230,Florian,Coweuppe,6,4/16/2008,F
231,Wendeline,Chrisp,12,5/20/2012,E
232,Hastie,Gain,17,8/17/2006,A
233,Mariejeanne,Godbolt,6,7/28/2011,B
234,Sven,Tidcomb,6,4/29/2006,C
235,Tam,Drains,6,6/11/2006,D
236,Inglebert,Dormon,15,3/16/2018,A
237,Theodore,Woodfield,7,5/24/2018,F
238,Caz,Alston,16,1/6/2013,A
239,Kaycee,Detheridge,6,6/13/2006,E
240,Terrye,Cops,18,12/11/2013,C
241,Kerwinn,Pacquet,15,11/15/2014,D
242,Clare,Bettridge,15,1/7/2009,F
243,Basil,Bertl,8,10/15/2018,C
244,Gav,Snewin,7,9/11/2016,F
245,Blair,Bellchamber,15,4/18/2009,D
246,Bradford,Shills,6,10/27/2008,C
247,Minta,Ledgard,13,7/5/2011,A
248,Adelaida,Igo,7,4/23/2014,E
249,Shae,Stearndale,17,3/13/2018,A
250,Evey,Pleasance,17,2/7/2016,C
251,Ignaz,Shuttleworth,12,10/25/2016,D
252,Russell,Cancelier,16,7/4/2012,F
253,Caitlin,Crowter,8,10/17/2017,F
254,Brita,Beves,14,5/3/2018,B
255,Jacob,Mityashin,15,3/15/2018,E
256,Robinia,Leythley,17,2/27/2008,D
257,Arabela,Samson,17,6/15/2016,D
258,Nicolina,Wiggam,18,3/31/2015,A
259,Berri,Weavill,17,6/18/2012,C
260,Efrem,Walklate,15,8/5/2008,E
261,Charline,Palfreman,16,3/18/2010,D
262,Fenelia,Brangan,15,9/20/2015,A
263,Jessey,Wandless,17,7/18/2008,F
264,Luella,Wisniewski,15,3/27/2014,A
265,Iago,Budgett,10,10/24/2013,E
266,Fabio,MacKeague,8,5/7/2006,E
267,Adah,Robertsen,11,3/31/2018,D
268,Elmore,Darbey,16,8/28/2008,E
269,Buffy,McHan,18,6/26/2017,C
270,Elsi,Chomicz,17,11/20/2014,A
271,Cinderella,Dougan,18,3/11/2018,E
272,Rebekah,Buzzing,7,7/20/2007,E
273,Alfy,Devigne,8,3/14/2015,A
274,Maurizio,Carnduff,11,3/1/2013,A
275,Diane,Ord,11,4/11/2010,F
276,Rudyard,Spikings,8,5/27/2013,E
277,Caesar,Scampion,10,3/23/2014,D
278,Fayina,Ailward,16,6/28/2011,F
279,Mufi,Bather,18,5/6/2017,A
280,Domingo,Vondruska,15,7/5/2009,D
281,Paten,Thebe,6,11/30/2011,F
282,Lorene,Bugdall,15,3/19/2011,C
283,Roddie,Esilmon,8,5/6/2008,F
284,Wyn,Brisseau,18,11/16/2016,C
285,Pandora,Southey,16,1/26/2007,B
286,Trefor,Monketon,11,2/4/2013,D
287,Delmar,Esposita,6,1/25/2006,C
288,Inglebert,Pfeifer,10,8/25/2012,E
289,Sonny,Fotitt,13,8/29/2016,E
290,Lodovico,Hardage,15,10/4/2008,D
291,Alison,Nairns,9,6/16/2012,F
292,Ferrel,Cookman,8,2/4/2011,F
293,Lesya,MacGall,8,11/2/2018,C
294,Tracie,Ibarra,16,1/14/2018,B
295,Louie,Sarsons,18,3/3/2015,A
296,Jaime,Weagener,9,12/5/2011,D
297,Reggie,Drioli,15,9/9/2010,F
298,Laney,Kegan,13,4/5/2013,F
299,Zara,Jarrett,15,2/6/2013,E
300,Juieta,De Malchar,13,7/29/2006,B
301,Shana,Hollyman,17,1/19/2006,E
302,Valli,Baldacchi,13,3/8/2012,A
303,Jehu,Fortie,11,1/4/2017,C
304,Windy,Poytheras,9,2/8/2010,E
305,Barb,Garnsey,6,9/13/2013,C
306,Mathias,Roubottom,9,10/1/2007,D
307,Jennica,Blundin,18,2/19/2008,D
308,Karlotte,Altham,13,6/1/2017,A
309,Leonerd,Charer,14,2/6/2015,E
310,Merrill,Demangel,6,1/8/2007,C
311,Fabio,Jenik,8,12/25/2013,A
312,Dionisio,Bockman,13,11/2/2008,B
313,Analiese,Pucknell,18,5/14/2008,D
314,Tiffy,Goodram,11,3/13/2011,B
315,Ernie,Guirau,7,7/28/2009,E
316,Cherish,Copyn,17,6/7/2009,D
317,Rochelle,Rendell,17,1/6/2014,F
318,Joni,Stimson,12,12/15/2014,E
319,Gardener,Dilley,18,2/26/2011,C
320,Carol,Womersley,13,11/12/2015,C
321,Halimeda,Baudasso,16,11/20/2010,A
322,Mose,Sansun,12,1/3/2011,A
323,Cheslie,Snozzwell,11,6/24/2015,E
324,Sigfrid,Clowley,18,2/2/2011,A
325,Iver,Klulicek,12,10/27/2014,D
326,Tedi,Tuplin,7,8/31/2006,F
327,Martica,Keating,10,5/6/2012,D
328,Farr,Molson,10,11/18/2016,D
329,Celisse,Spraggon,6,2/12/2009,E
330,Jo,Casey,8,11/27/2014,E
331,Garrek,Danskine,15,3/27/2014,C
332,Nehemiah,Ronchetti,6,6/3/2009,F
333,Boyd,Gladdor,18,6/3/2016,A
334,Chrotoem,Yankeev,8,8/14/2006,A
335,Lek,Dunning,14,5/9/2007,F
336,Marsh,Overbury,12,1/3/2008,C
337,Yanaton,Andrusyak,11,3/23/2018,A
338,Wittie,Weben,9,2/10/2013,D
339,Roderick,Kielt,8,2/23/2006,F
340,Monica,Wallis,18,2/26/2015,C
341,Frannie,Quilligan,11,10/21/2016,E
342,Margalo,Swede,6,12/7/2013,E
343,Tamara,Walthall,15,10/12/2014,D
344,Penelope,Wadge,12,9/24/2016,E
345,Phyllida,Cregg,12,9/16/2011,A
346,Fraze,Michelle,7,1/29/2014,B
347,Decca,Hayle,11,12/11/2011,B
348,Florenza,Bampforth,18,7/9/2018,F
349,Rasia,Pellant,11,8/9/2012,A
350,Janet,Robinette,14,3/12/2015,E
351,Tobias,Caroli,9,11/5/2010,C
352,Charla,Vamplers,6,12/27/2015,B
353,Randie,Mallabar,17,5/28/2011,B
354,Linoel,McDermid,11,12/20/2010,A
355,Rube,Valett,6,5/1/2016,E
356,Gerrie,Glozman,7,10/8/2009,E
357,Margarita,Mion,12,2/9/2013,A
358,Garek,Peter,10,1/10/2017,D
359,Eldin,Levecque,9,8/12/2012,D
360,Evonne,Vennard,13,1/16/2008,A
361,Tucker,Garbutt,14,6/3/2010,F
362,Lurlene,Waterworth,10,10/13/2008,F
363,Theda,Thomesson,17,8/21/2017,F
364,Royall,Obert,11,5/29/2007,D
365,Shanna,Dearing,13,11/20/2018,A
366,Giulietta,Okenden,18,10/6/2017,B
367,Ase,Thorbon,17,4/6/2016,D
368,Nicola,Lownds,13,5/4/2010,F
369,Dwayne,Kittle,18,8/24/2012,B
370,Terrye,Stock,11,4/1/2014,B
371,Phillipp,Houseago,18,1/27/2015,D
372,Sibella,Dedenham,10,12/6/2018,E
373,Bebe,Ebi,12,3/13/2017,E
374,Rachele,Lowdiane,11,2/3/2016,F
375,Ezekiel,Beckford,11,4/6/2018,D
376,Cristal,Smead,7,1/24/2012,F
377,Gardy,Behneke,9,7/9/2018,B
378,Hortensia,Kinnock,11,8/19/2015,B
379,John,Durbyn,9,4/2/2009,A
380,Lilyan,Gillis,11,5/6/2017,F
381,Jenelle,Trayling,11,11/20/2015,B
382,Carolina,Cristofano,12,5/5/2012,D
383,Eran,Deport,8,12/7/2008,F
384,Noel,Elcy,16,7/9/2015,A
385,Peria,Elgar,9,8/11/2010,E
386,Amie,Ossenna,11,9/17/2017,C
387,Ingrim,Chard,17,11/17/2015,C
388,Karla,Barnewille,18,8/24/2011,C
389,Franklin,Brigdale,9,10/25/2015,B
390,Lianne,Woodrooffe,16,7/10/2016,C
391,Cornelle,Breche,13,8/10/2007,A
392,Aguste,Evetts,11,1/12/2008,A
393,Elvyn,Tysall,16,6/29/2008,F
394,Chiquita,Hartigan,13,12/4/2016,E
395,Blanche,Witcherley,18,2/8/2011,A
396,Nellie,Lakes,10,11/9/2016,D
397,Josh,O'Leary,7,11/25/2007,E
398,Baxter,Benedicte,15,11/11/2018,F
399,Clare,Imore,10,7/6/2018,C
400,Christiana,Yelyashev,9,6/28/2012,D
401,Diandra,Fearick,9,11/9/2008,B
402,Anderea,Britnell,12,5/31/2008,D
403,Clayson,M'Chirrie,8,11/25/2017,C
404,Buddy,Videneev,16,10/19/2008,B
405,Boonie,Terrazzo,9,3/20/2011,F
406,Claudette,Aitkin,12,5/25/2007,B
407,Doris,Slate,15,7/30/2011,C
408,Gertruda,McCarle,7,12/1/2009,B
409,Renault,Maguire,18,11/24/2011,D
410,Al,Koppe,12,8/13/2007,C
411,Giustina,Lindbergh,17,6/14/2017,C
412,Enrico,Deppe,18,11/7/2009,C
413,Timothy,Angeau,18,5/2/2010,B
414,Marcille,Paskerful,12,9/30/2017,C
415,Homere,Vasilechko,17,3/21/2011,B
416,Marys,Gendrich,18,9/26/2012,A
417,Jackson,Dorgan,12,2/26/2018,F
418,Sharla,Jaulmes,8,7/3/2009,C
419,Vernon,Ferschke,15,1/4/2006,C
420,Peta,Swaddle,13,6/12/2006,A
421,Branden,Francioli,15,3/10/2007,E
422,Viv,Longmuir,8,4/27/2008,B
423,Ciel,Hullyer,9,12/17/2011,C
424,Hartwell,Dumingos,6,1/11/2013,B
425,Ileana,Boatwright,17,11/15/2014,A
426,Gladi,Dibb,8,4/9/2008,E
427,Hussein,Franseco,11,11/28/2010,D
428,Florinda,Crowhurst,18,9/3/2015,B
429,Irina,Gullifant,13,9/4/2018,B
430,Katharine,Noblet,7,2/22/2017,F
431,Marta,Dougherty,10,1/20/2014,F
432,Denice,Ilsley,18,2/6/2008,E
433,Michael,Hutchings,17,3/26/2006,B
434,Alister,Blackster,12,5/3/2013,B
435,Karlene,Reinisch,6,10/25/2010,C
436,Muffin,Plows,9,8/3/2017,D
437,Doroteya,Crowch,17,8/17/2012,C
438,Toby,Sorsby,14,12/5/2011,C
439,Selma,Joan,8,1/8/2010,D
440,Marylinda,Giveen,6,4/10/2007,D
441,Innis,Brett,7,4/29/2008,F
442,Alano,Curmi,10,3/3/2011,C
443,Neilla,Petrushkevich,18,12/21/2017,A
444,Ed,Nevet,17,6/22/2015,A
445,Billy,Sinnott,6,6/1/2006,B
446,Henri,Selland,16,9/11/2009,C
447,Jereme,Tertre,14,6/9/2007,A
448,Milty,Spur,14,10/8/2017,A
449,Mandi,Fealey,12,11/5/2012,F
450,Shandee,Colton,7,12/24/2008,C
451,Goraud,Helks,14,12/9/2012,C
452,Charita,Kluss,17,10/23/2015,F
453,Clive,Lemmanbie,15,3/17/2006,B
454,Yurik,Dobrovolski,13,6/13/2015,E
455,Annalee,Hubbis,6,5/9/2008,D
456,Letizia,Standring,18,12/11/2016,C
457,Brand,Clitsome,18,3/24/2007,F
458,Yalonda,Rimington,17,4/24/2013,E
459,Byron,Wiffler,11,12/3/2017,F
460,Falkner,Ayrton,6,10/28/2017,C
461,Claretta,Welbelove,8,1/14/2018,D
462,Luciano,Paler,9,8/25/2010,C
463,Dan,Dufoure,6,3/15/2013,D
464,Silvano,Fortune,9,10/18/2014,B
465,Cathlene,Filppetti,16,8/8/2011,E
466,Bryon,Zelley,8,6/15/2014,B
467,Caressa,Jinkin,11,8/18/2010,B
468,Loreen,Heinsh,17,4/11/2011,F
469,Babbette,Gentle,13,5/23/2014,C
470,Decca,Jedraszczyk,16,9/2/2010,D
471,Willa,Bellows,12,8/31/2009,F
472,Marguerite,Manntschke,6,6/15/2013,A
473,Quill,Rathe,7,10/2/2013,F
474,Sidonnie,Probbings,18,5/18/2011,C
475,Melvyn,Daniely,7,5/28/2007,B
476,Ferrel,Merigot,12,12/5/2007,A
477,Tanya,McGlade,13,4/19/2011,A
478,Hewitt,Dalgetty,10,8/13/2006,E
479,Dede,Agglione,14,11/16/2010,F
480,Ines,Cayton,18,1/31/2009,F
481,Elfrieda,Joinson,14,5/11/2006,F
482,Letty,Collister,6,4/23/2009,D
483,Iseabal,Jankowski,12,3/3/2014,D
484,Sherwynd,Obin,16,1/18/2007,E
485,Virgina,Kinnerk,8,10/27/2017,A
486,Antonio,Vaulkhard,17,11/11/2009,A
487,Kort,Lovell,9,12/25/2010,D
488,Sukey,Bode,17,2/4/2006,E
489,Garrott,Ondracek,16,6/24/2011,B
490,Eryn,Kenrick,10,8/30/2010,E
491,Gonzalo,Briddock,11,7/3/2012,C
492,Mariel,Blinckhorne,8,7/18/2018,B
493,Ward,MacCartney,14,12/25/2008,D
494,Pen,Klosges,14,2/21/2011,C
495,Zena,Wilkisson,6,9/23/2006,C
496,Nancee,Cocking,18,11/27/2011,A
497,Huey,Zuanelli,17,7/29/2015,F
498,Felicity,Spargo,14,12/26/2009,B
499,Nanine,Dilloway,9,12/13/2012,E
500,Brooks,Zorzenoni,14,5/6/2015,E
